,Mean,Median,Standard Deviation,Minimum,Maximum,Skewness
longitude,-119.56970445736432,-118.49,2.0035317235025882,-124.35,-114.31,-0.2978012079524362
latitude,35.63186143410853,34.26,2.1359523974571153,32.54,41.95,0.46595300370997006
housing_median_age,28.639486434108527,29.0,12.58555761211165,1.0,52.0,0.060330637599136865
total_rooms,2635.7630813953488,2127.0,2181.615251582795,2.0,39320.0,4.147343450632158
total_bedrooms,536.8388565891473,435.0,419.3918779216883,1.0,6445.0,3.4811408631013117
population,1425.4767441860465,1166.0,1132.462121765341,3.0,35682.0,4.93585822672712
households,499.5396802325581,409.0,382.32975283161073,1.0,6082.0,3.410437711667147
median_income,3.8706710029069766,3.5347999999999997,1.8998217179452688,0.4999,15.0001,1.6466567021344465
median_house_value,206855.81690891474,179700.0,115395.61587441387,14999.0,500001.0,0.9777632739098341
